{"schemaVersion":"1.0","appDefinitionTemplate":{"id":"/providers/Microsoft.PowerApps/apps/","type":"Microsoft.PowerApps/apps","tags":{"primaryDeviceWidth":"390","primaryDeviceHeight":"844","supportsPortrait":"true","supportsLandscape":"true","primaryFormFactor":"Tablet","showStatusBar":"false","publisherVersion":"3.24052.30","minimumRequiredApiVersion":"2.2.0","hasComponent":"false","hasUnlockedComponent":"false","isUnifiedRootApp":"false","sienaVersion":"20240609T155417Z-3.24052.30.0"},"properties":{"appVersion":"2024-06-09T15:54:17Z","lifeCycleId":"Published","createdByClientVersion":{"major":3,"minor":24052,"build":30,"revision":0,"majorRevision":0,"minorRevision":0},"minClientVersion":{"major":3,"minor":24052,"build":30,"revision":0,"majorRevision":0,"minorRevision":0},"backgroundColor":"RGBA(0,176,240,1)","backgroundImageUri":"/6160732838241804672/N2800a5db-eebc-47e1-b067-b62975189f39-logoSmallFile","displayName":"Calculator2024","description":"","commitMessage":"","appUris":{"documentUri":{"value":"/6160732838241804672/Nb3290971-dda3-4dc4-ba5f-c1300809c755-document.msapp"},"imageUris":[],"additionalUris":[{"isSolutionAware":false,"value":"/6160732838241804672/N17258708-eb65-4033-82dc-00c604398533-identity.json"}]},"createdTime":"0001-01-01T00:00:00Z","lastModifiedTime":"0001-01-01T00:00:00Z","sharedGroupsCount":0,"sharedUsersCount":0,"connectionReferences":{},"databaseReferences":{},"almMode":"Environment","performanceOptimizationEnabled":true,"canConsumeAppPass":true,"enableModernRuntimeMode":false,"executionRestrictions":{"isTeamsOnly":false,"dataLossPreventionEvaluationResult":{"status":"Compliant","lastEvaluationDate":"2024-06-09T15:54:21.9085841Z","violations":[],"violationsByPolicy":[],"violationErrorMessage":"The app uses the following connectors: ."}}},"appType":"ClassicCanvasApp","appComponents":[]}}