{
  "properties": {
    "connectionReferences": {},
    "definition": {
      "$schema": "https://schema.management.azure.com/providers/Microsoft.Logic/schemas/2016-06-01/workflowdefinition.json#",
      "contentVersion": "1.0.0.0",
      "parameters": {
        "$authentication": {
          "defaultValue": {},
          "type": "SecureObject"
        }
      },
      "triggers": {
        "manual": {
          "metadata": {
            "operationMetadataId": "5f1efac8-4894-406c-8ef8-9e628e8a1340"
          },
          "type": "Request",
          "kind": "PowerAppV2",
          "inputs": {
            "schema": {
              "type": "object",
              "properties": {
                "text": {
                  "title": "audio",
                  "type": "string",
                  "x-ms-dynamically-added": true,
                  "description": "Please enter your input",
                  "x-ms-content-hint": "TEXT"
                }
              },
              "required": [
                "text"
              ]
            }
          }
        }
      },
      "actions": {
        "Compose": {
          "runAfter": {},
          "metadata": {
            "operationMetadataId": "f4283bae-085d-4976-8a16-e8ccf38a937c"
          },
          "type": "Compose",
          "inputs": "@triggerBody()['text']"
        },
        "HTTP": {
          "runAfter": {
            "Compose": [
              "Succeeded"
            ]
          },
          "metadata": {
            "operationMetadataId": "601786c6-7a2b-4c76-920c-46cac225e659"
          },
          "type": "Http",
          "inputs": {
            "method": "POST",
            "uri": "https://api.openai.com/v1/audio/transcriptions",
            "headers": {
              "Authorization": "yourAIkeygoeshere"
            },
            "body": {
              "$content-type": "multipart/form-data",
              "$multipart": [
                {
                  "headers": {
                    "Content-Disposition": "form-data; name=model"
                  },
                  "body": "whisper-1"
                },
                {
                  "headers": {
                    "Content-Disposition": "form-data; name=file; filename=audio.webm"
                  },
                  "body": {
                    "$content-type": "audio/webm",
                    "$content": "@{outputs('Compose')}"
                  }
                }
              ]
            }
          }
        },
        "Parse_JSON": {
          "runAfter": {
            "HTTP": [
              "Succeeded"
            ]
          },
          "metadata": {
            "operationMetadataId": "dfda3a04-a14f-4d40-83ba-76a20b369002"
          },
          "type": "ParseJson",
          "inputs": {
            "content": "@body('HTTP')",
            "schema": {
              "type": "object",
              "properties": {
                "text": {
                  "type": "string"
                }
              }
            }
          }
        },
        "Respond_to_a_Power_App_or_flow": {
          "runAfter": {
            "Parse_JSON": [
              "Succeeded"
            ]
          },
          "metadata": {
            "operationMetadataId": "70d83aa6-5fc6-4d1e-a5b5-01d5d1cc4a8e"
          },
          "type": "Response",
          "kind": "PowerApp",
          "inputs": {
            "statusCode": 200,
            "body": {
              "transcription": "@body('Parse_JSON')?['text']"
            },
            "schema": {
              "type": "object",
              "properties": {
                "transcription": {
                  "title": "transcription",
                  "x-ms-dynamically-added": true,
                  "type": "string"
                }
              }
            }
          }
        }
      }
    },
    "templateName": ""
  },
  "schemaVersion": "1.0.0.0"
}