{
  "$schema": "https://developer.microsoft.com/json-schemas/spfx/command-set-extension-manifest.schema.json",

  "id": "a91cf410-884d-492d-b778-8042d855deeb",
  "alias": "ListButtonCommandSet",
  "componentType": "Extension",
  "extensionType": "ListViewCommandSet",

  "version": "*",
  "manifestVersion": 2,

  "requiresCustomScript": false,

  "items": {
    "COMMAND_1": {
      "title": { "default": "Run our Flow" },
      "iconImageUrl": "https://myspquestions.sharepoint.com/sites/TestingSpfx/SiteAssets/iconlogo.png",
      "type": "command"
    }
  }
}
