{"schemaVersion":"1.0","appDefinitionTemplate":{"id":"/providers/Microsoft.PowerApps/apps/","type":"Microsoft.PowerApps/apps","tags":{"primaryDeviceWidth":"1366","primaryDeviceHeight":"768","supportsPortrait":"true","supportsLandscape":"true","primaryFormFactor":"Tablet","showStatusBar":"false","publisherVersion":"3.24074.14","minimumRequiredApiVersion":"2.2.0","hasComponent":"false","hasUnlockedComponent":"false","isUnifiedRootApp":"false","sienaVersion":"20240812T121011Z-3.24074.14.0"},"properties":{"appVersion":"2024-08-12T12:10:11Z","lifeCycleId":"Published","createdByClientVersion":{"major":3,"minor":24074,"build":14,"revision":0,"majorRevision":0,"minorRevision":0},"minClientVersion":{"major":3,"minor":24074,"build":14,"revision":0,"majorRevision":0,"minorRevision":0},"backgroundColor":"RGBA(0,176,240,1)","backgroundImageUri":"/17398271145393611038/Ne815988c-f4f1-4030-a545-f36891e1ccab-logoSmallFile","displayName":"ResponsiveEmailTemplate","description":"","commitMessage":"","appUris":{"documentUri":{"value":"/17398271145393611038/N53f27852-a99a-44b9-8731-0ab8a5e64b27-document.msapp"},"imageUris":[],"additionalUris":[{"isSolutionAware":false,"value":"/17398271145393611038/Ncc5aa741-a0c8-4d6a-bc0a-ebbf81b8e5b7-identity.json"}]},"createdTime":"0001-01-01T00:00:00Z","lastModifiedTime":"0001-01-01T00:00:00Z","sharedGroupsCount":0,"sharedUsersCount":0,"connectionReferences":{"a446436a-f2aa-49d6-b426-57104925d3c1":{"id":"290d426c-3874-4168-9664-19a9a785d851","displayName":"Office 365 Outlook","iconUri":"https://connectoricons-prod.azureedge.net/releases/v1.0.1686/1.0.1686.3706/office365/icon.png","dataSources":["Office365Outlook"],"dependencies":[],"dependents":[],"parameterHints":{},"parameterHintsV2":{},"isOnPremiseConnection":false,"bypassConsent":false,"dataSets":{},"apiTier":"Standard","isCustomApiConnection":false,"actions":["SendEmail"]},"b483fcf5-8486-4029-837a-8887c0b6f3e9":{"id":"e1075184-6d1a-408a-802a-050e5210298b","displayName":"Office 365 Users","iconUri":"https://connectoricons-prod.azureedge.net/releases/v1.0.1702/1.0.1702.3810/office365users/icon.png","dataSources":["Office365Users"],"dependencies":[],"dependents":[],"parameterHints":{},"parameterHintsV2":{},"isOnPremiseConnection":false,"bypassConsent":false,"dataSets":{},"apiTier":"Standard","isCustomApiConnection":false,"actions":["SearchUser","UserPhoto_V2"]},"27b562f4-b7fe-432b-9bc9-3862de2e9507":{"id":"8ba790f3-3afe-4e60-927b-409bd6ac14c3","displayName":"SharePoint","iconUri":"https://connectoricons-prod.azureedge.net/u/jayawan/releases/v1.0.1697/1.0.1697.3786/sharepointonline/icon.png","dataSources":["Issues & Risks"],"dependencies":[],"dependents":[],"parameterHints":{},"parameterHintsV2":{},"isOnPremiseConnection":false,"bypassConsent":false,"dataSets":{"https://myspquestions.sharepoint.com/sites/TaskList":{"dataSources":{"Issues & Risks":{"tableName":"55b6daf0-7444-4653-9034-17e08fdf0bc1"}}}},"apiTier":"Standard","isCustomApiConnection":false,"actions":["providers/PowerPlatform.Governance/Operations/Read"]}},"databaseReferences":{},"almMode":"Environment","performanceOptimizationEnabled":false,"canConsumeAppPass":false,"enableModernRuntimeMode":false,"executionRestrictions":{"isTeamsOnly":false,"dataLossPreventionEvaluationResult":{"status":"Compliant","lastEvaluationDate":"2024-07-21T15:54:56.1388818Z","violations":[],"violationsByPolicy":[],"violationErrorMessage":"The app uses the following connectors: shared_office365, shared_office365users."}}},"appType":"ClassicCanvasApp","appComponents":[]}}