{"schemaVersion":"1.0","appDefinitionTemplate":{"id":"/providers/Microsoft.PowerApps/apps/","type":"Microsoft.PowerApps/apps","tags":{"primaryDeviceWidth":"40","primaryDeviceHeight":"250","supportsPortrait":"true","supportsLandscape":"true","primaryFormFactor":"Tablet","showStatusBar":"false","publisherVersion":"3.25041.10","minimumRequiredApiVersion":"2.2.0","hasComponent":"true","hasUnlockedComponent":"true","isUnifiedRootApp":"false","sienaVersion":"20250427T180534Z-3.25041.10.0"},"properties":{"appVersion":"2025-04-27T18:05:34Z","lifeCycleId":"Published","createdByClientVersion":{"major":3,"minor":25041,"build":10,"revision":0,"majorRevision":0,"minorRevision":0},"minClientVersion":{"major":3,"minor":25041,"build":10,"revision":0,"majorRevision":0,"minorRevision":0},"backgroundColor":"RGBA(0,176,240,1)","backgroundImageUri":"/5382787868755645544/N9484e7f4-ebe3-4602-a520-c602f6db33d9-logoSmallFile","displayName":"WinApp","description":"","commitMessage":"","appUris":{"documentUri":{"value":"/5382787868755645544/Na24dfeba-28f4-44a5-a157-23308d2e7d2b-document.msapp"},"imageUris":[],"additionalUris":[{"isSolutionAware":false,"value":"/5382787868755645544/N31e42ff5-bfe7-4846-9230-c5643c189522-identity.json"}]},"createdTime":"0001-01-01T00:00:00Z","lastModifiedTime":"0001-01-01T00:00:00Z","sharedGroupsCount":0,"sharedUsersCount":0,"connectionReferences":{},"databaseReferences":{},"almMode":"Environment","performanceOptimizationEnabled":true,"canConsumeAppPass":true,"enableModernRuntimeMode":false,"executionRestrictions":{"isTeamsOnly":false,"dataLossPreventionEvaluationResult":{"status":"Compliant","lastEvaluationDate":"2025-04-27T18:05:36.6732672Z","violations":[],"violationsByPolicy":[],"violationErrorMessage":"The app uses the following connectors: ."}}},"isAppComponentLibrary":false,"appType":"ClassicCanvasApp","appComponents":[]}}